census_block,provider_id,travel_time_type,travel_time_minutes
CB000,PR001,DRIVING,126.766666668
CB000,PR002,DRIVING,111.850000002
CB000,PR003,DRIVING,116.86666666800001
CB000,PR004,DRIVING,105.266666664
CB000,PR005,DRIVING,126.41666666399999
CB000,PR006,DRIVING,115.75000000200001
CB000,PR007,DRIVING,113.39999999999999
CB000,PR008,DRIVING,115.75000000200001
CB000,PR009,DRIVING,89.333333334
CB000,PR010,DRIVING,124.03333333199998
CB000,PR011,DRIVING,69.6
CB000,PR012,DRIVING,175.03333333199998
CB000,PR013,DRIVING,99.98333333400001
CB000,PR014,DRIVING,162.833333334
CB000,PR015,DRIVING,184.84999999800002
CB000,PR016,DRIVING,210.96666666599998
CB001,PR001,DRIVING,62.166666666000005
CB001,PR002,DRIVING,92.683333332
CB001,PR003,DRIVING,54.0
CB001,PR004,DRIVING,27.983333334
CB001,PR005,DRIVING,18.866666664
CB001,PR006,DRIVING,16.983333336
CB001,PR007,DRIVING,18.250000002
CB001,PR008,DRIVING,19.066666668
CB001,PR009,DRIVING,38.849999999999994
CB001,PR010,DRIVING,22.266666666
CB001,PR011,DRIVING,72.083333334
CB001,PR012,DRIVING,64.483333332
CB001,PR013,DRIVING,57.799999998000004
CB001,PR014,DRIVING,55.916666664000005
CB001,PR015,DRIVING,77.93333333400001
CB001,PR016,DRIVING,104.050000002
CB002,PR001,DRIVING,158.533333332
CB002,PR002,DRIVING,189.049999998
CB002,PR003,DRIVING,150.36666666600001
CB002,PR004,DRIVING,119.616666666
CB002,PR005,DRIVING,118.33333333200001
CB002,PR006,DRIVING,107.299999998
CB002,PR007,DRIVING,104.966666664
CB002,PR008,DRIVING,107.316666666
CB002,PR009,DRIVING,121.549999998
CB002,PR010,DRIVING,102.14999999999999
CB002,PR011,DRIVING,154.783333332
CB002,PR012,DRIVING,133.966666668
CB002,PR013,DRIVING,131.333333334
CB002,PR014,DRIVING,115.600000002
CB002,PR015,DRIVING,91.8
CB002,PR016,DRIVING,80.650000002
CB003,PR001,DRIVING,70.816666668
CB003,PR002,DRIVING,101.333333334
CB003,PR003,DRIVING,52.699999997999996
CB003,PR004,DRIVING,24.866666664
CB003,PR005,DRIVING,46.016666664
CB003,PR006,DRIVING,35.350000001999994
CB003,PR007,DRIVING,33.0
CB003,PR008,DRIVING,35.350000001999994
CB003,PR009,DRIVING,13.533333336
CB003,PR010,DRIVING,43.650000000000006
CB003,PR011,DRIVING,47.416666668
CB003,PR012,DRIVING,94.633333332
CB003,PR013,DRIVING,51.866666664
CB003,PR014,DRIVING,82.433333334
CB003,PR015,DRIVING,104.449999998
CB003,PR016,DRIVING,130.566666666
CB004,PR001,DRIVING,151.383333336
CB004,PR002,DRIVING,181.900000002
CB004,PR003,DRIVING,143.216666664
CB004,PR004,DRIVING,103.849999998
CB004,PR005,DRIVING,115.233333336
CB004,PR006,DRIVING,100.150000002
CB004,PR007,DRIVING,97.816666668
CB004,PR008,DRIVING,100.166666664
CB004,PR009,DRIVING,101.20000000200001
CB004,PR010,DRIVING,103.68333333599999
CB004,PR011,DRIVING,95.383333332
CB004,PR012,DRIVING,157.20000000000002
CB004,PR013,DRIVING,64.133333334
CB004,PR014,DRIVING,142.483333332
CB004,PR015,DRIVING,164.500000002
CB004,PR016,DRIVING,183.266666664
CB005,PR001,DRIVING,89.483333334
CB005,PR002,DRIVING,87.733333332
CB005,PR003,DRIVING,112.066666668
CB005,PR004,DRIVING,137.083333332
CB005,PR005,DRIVING,144.14999999999998
CB005,PR006,DRIVING,143.333333334
CB005,PR007,DRIVING,140.39999999999998
CB005,PR008,DRIVING,143.333333334
CB005,PR009,DRIVING,151.900000002
CB005,PR010,DRIVING,156.516666666
CB005,PR011,DRIVING,185.133333336
CB005,PR012,DRIVING,195.250000002
CB005,PR013,DRIVING,183.850000002
CB005,PR014,DRIVING,190.249999998
CB005,PR015,DRIVING,212.266666668
CB005,PR016,DRIVING,238.36666666800002
CB006,PR001,DRIVING,31.416666666
CB006,PR002,DRIVING,53.833333332
CB006,PR003,DRIVING,3.649999998
CB006,PR004,DRIVING,48.733333332
CB006,PR005,DRIVING,55.800000000000004
CB006,PR006,DRIVING,54.966666666
CB006,PR007,DRIVING,52.033333332
CB006,PR008,DRIVING,54.983333334
CB006,PR009,DRIVING,64.583333334
CB006,PR010,DRIVING,68.166666666
CB006,PR011,DRIVING,82.166666664
CB006,PR012,DRIVING,106.900000002
CB006,PR013,DRIVING,95.500000002
CB006,PR014,DRIVING,101.883333336
CB006,PR015,DRIVING,123.916666668
CB006,PR016,DRIVING,150.016666668
CB007,PR001,DRIVING,58.216666668
CB007,PR002,DRIVING,88.716666666
CB007,PR003,DRIVING,50.050000002
CB007,PR004,DRIVING,38.616666666
CB007,PR005,DRIVING,20.899999998
CB007,PR006,DRIVING,33.966666666
CB007,PR007,DRIVING,35.916666666
CB007,PR008,DRIVING,37.150000002
CB007,PR009,DRIVING,53.449999998
CB007,PR010,DRIVING,43.516666668
CB007,PR011,DRIVING,86.666666664
CB007,PR012,DRIVING,73.26666666599999
CB007,PR013,DRIVING,79.399999998
CB007,PR014,DRIVING,75.649999998
CB007,PR015,DRIVING,97.666666668
CB007,PR016,DRIVING,123.766666668
CB008,PR001,DRIVING,153.250000002
CB008,PR002,DRIVING,183.766666668
CB008,PR003,DRIVING,145.083333336
CB008,PR004,DRIVING,114.333333336
CB008,PR005,DRIVING,113.066666664
CB008,PR006,DRIVING,102.033333336
CB008,PR007,DRIVING,99.683333334
CB008,PR008,DRIVING,102.033333336
CB008,PR009,DRIVING,116.283333336
CB008,PR010,DRIVING,96.88333333199999
CB008,PR011,DRIVING,149.500000002
CB008,PR012,DRIVING,128.683333332
CB008,PR013,DRIVING,124.266666666
CB008,PR014,DRIVING,110.316666666
CB008,PR015,DRIVING,86.516666664
CB008,PR016,DRIVING,75.366666666
CB009,PR001,DRIVING,3.3
CB009,PR002,DRIVING,41.299999998000004
CB009,PR003,DRIVING,31.966666668000002
CB009,PR004,DRIVING,56.983333332
CB009,PR005,DRIVING,64.066666668
CB009,PR006,DRIVING,63.233333334
CB009,PR007,DRIVING,60.3
CB009,PR008,DRIVING,63.233333334
CB009,PR009,DRIVING,71.816666664
CB009,PR010,DRIVING,76.416666666
CB009,PR011,DRIVING,105.033333336
CB009,PR012,DRIVING,115.150000002
CB009,PR013,DRIVING,103.75000000200001
CB009,PR014,DRIVING,110.149999998
CB009,PR015,DRIVING,132.166666668
CB009,PR016,DRIVING,158.266666668
CB010,PR001,DRIVING,130.583333334
CB010,PR002,DRIVING,105.833333334
CB010,PR003,DRIVING,130.2
CB010,PR004,DRIVING,137.433333336
CB010,PR005,DRIVING,159.31666666799998
CB010,PR006,DRIVING,158.783333334
CB010,PR007,DRIVING,155.85000000000002
CB010,PR008,DRIVING,158.783333334
CB010,PR009,DRIVING,150.466666668
CB010,PR010,DRIVING,166.79999999999998
CB010,PR011,DRIVING,156.883333332
CB010,PR012,DRIVING,210.41666666400002
CB010,PR013,DRIVING,184.01666666399998
CB010,PR014,DRIVING,205.416666666
CB010,PR015,DRIVING,227.433333336
CB010,PR016,DRIVING,253.533333336
CB011,PR001,DRIVING,138.349999998
CB011,PR002,DRIVING,123.433333332
CB011,PR003,DRIVING,128.416666668
CB011,PR004,DRIVING,116.816666664
CB011,PR005,DRIVING,137.966666664
CB011,PR006,DRIVING,127.30000000199999
CB011,PR007,DRIVING,124.95
CB011,PR008,DRIVING,127.30000000199999
CB011,PR009,DRIVING,100.883333334
CB011,PR010,DRIVING,135.6
CB011,PR011,DRIVING,81.15
CB011,PR012,DRIVING,186.583333332
CB011,PR013,DRIVING,111.53333333399999
CB011,PR014,DRIVING,174.383333334
CB011,PR015,DRIVING,196.399999998
CB011,PR016,DRIVING,222.51666666600002
CB012,PR001,DRIVING,16.05
CB012,PR002,DRIVING,38.683333332
CB012,PR003,DRIVING,40.566666666
CB012,PR004,DRIVING,65.583333336
CB012,PR005,DRIVING,72.666666666
CB012,PR006,DRIVING,71.833333332
CB012,PR007,DRIVING,68.899999998
CB012,PR008,DRIVING,71.833333332
CB012,PR009,DRIVING,80.41666666799999
CB012,PR010,DRIVING,85.016666664
CB012,PR011,DRIVING,113.633333334
CB012,PR012,DRIVING,115.450000002
CB012,PR013,DRIVING,112.36666666800001
CB012,PR014,DRIVING,118.75000000200001
CB012,PR015,DRIVING,140.766666666
CB012,PR016,DRIVING,166.883333334
CB013,PR001,DRIVING,145.566666666
CB013,PR002,DRIVING,130.65
CB013,PR003,DRIVING,128.433333336
CB013,PR004,DRIVING,116.833333332
CB013,PR005,DRIVING,137.983333332
CB013,PR006,DRIVING,127.316666664
CB013,PR007,DRIVING,124.966666668
CB013,PR008,DRIVING,127.316666664
CB013,PR009,DRIVING,100.900000002
CB013,PR010,DRIVING,135.616666668
CB013,PR011,DRIVING,81.166666668
CB013,PR012,DRIVING,186.6
CB013,PR013,DRIVING,98.433333336
CB013,PR014,DRIVING,174.400000002
CB013,PR015,DRIVING,196.416666666
CB013,PR016,DRIVING,222.533333334
CB014,PR001,DRIVING,222.916666668
CB014,PR002,DRIVING,253.43333333400003
CB014,PR003,DRIVING,214.750000002
CB014,PR004,DRIVING,188.74999999800002
CB014,PR005,DRIVING,179.616666666
CB014,PR006,DRIVING,174.649999998
CB014,PR007,DRIVING,175.333333332
CB014,PR008,DRIVING,176.383333332
CB014,PR009,DRIVING,191.483333334
CB014,PR010,DRIVING,159.700000002
CB014,PR011,DRIVING,224.71666666800002
CB014,PR012,DRIVING,128.183333334
CB014,PR013,DRIVING,210.766666668
CB014,PR014,DRIVING,119.516666664
CB014,PR015,DRIVING,122.433333336
CB014,PR016,DRIVING,118.516666668
CB015,PR001,DRIVING,75.416666664
CB015,PR002,DRIVING,105.91666666799999
CB015,PR003,DRIVING,67.249999998
CB015,PR004,DRIVING,27.833333334000002
CB015,PR005,DRIVING,48.983333334
CB015,PR006,DRIVING,38.316666666
CB015,PR007,DRIVING,35.966666664
CB015,PR008,DRIVING,38.316666666
CB015,PR009,DRIVING,12.233333334000001
CB015,PR010,DRIVING,46.600000001999994
CB015,PR011,DRIVING,36.700000002
CB015,PR012,DRIVING,97.600000002
CB015,PR013,DRIVING,41.699999999999996
CB015,PR014,DRIVING,85.399999998
CB015,PR015,DRIVING,107.416666668
CB015,PR016,DRIVING,133.516666668
CB016,PR001,DRIVING,172.533333336
CB016,PR002,DRIVING,203.200000002
CB016,PR003,DRIVING,164.366666664
CB016,PR004,DRIVING,138.366666666
CB016,PR005,DRIVING,127.11666666599999
CB016,PR006,DRIVING,127.63333333199999
CB016,PR007,DRIVING,128.966666664
CB016,PR008,DRIVING,129.716666664
CB016,PR009,DRIVING,149.55
CB016,PR010,DRIVING,119.80000000199999
CB016,PR011,DRIVING,182.78333333400002
CB016,PR012,DRIVING,78.683333334
CB016,PR013,DRIVING,168.499999998
CB016,PR014,DRIVING,79.633333332
CB016,PR015,DRIVING,82.54999999799999
CB016,PR016,DRIVING,85.616666664
CB017,PR001,DRIVING,86.599999998
CB017,PR002,DRIVING,84.850000002
CB017,PR003,DRIVING,109.183333332
CB017,PR004,DRIVING,134.216666664
CB017,PR005,DRIVING,141.28333333199998
CB017,PR006,DRIVING,140.449999998
CB017,PR007,DRIVING,137.51666666399998
CB017,PR008,DRIVING,140.466666666
CB017,PR009,DRIVING,149.03333333400002
CB017,PR010,DRIVING,153.63333333600002
CB017,PR011,DRIVING,182.25
CB017,PR012,DRIVING,192.366666666
CB017,PR013,DRIVING,180.983333334
CB017,PR014,DRIVING,187.366666668
CB017,PR015,DRIVING,209.383333332
CB017,PR016,DRIVING,235.5
CB018,PR001,DRIVING,123.16666666799999
CB018,PR002,DRIVING,153.683333334
CB018,PR003,DRIVING,115.00000000200001
CB018,PR004,DRIVING,84.250000002
CB018,PR005,DRIVING,82.966666668
CB018,PR006,DRIVING,71.950000002
CB018,PR007,DRIVING,69.6
CB018,PR008,DRIVING,71.950000002
CB018,PR009,DRIVING,86.183333334
CB018,PR010,DRIVING,66.783333336
CB018,PR011,DRIVING,119.416666668
CB018,PR012,DRIVING,98.25
CB018,PR013,DRIVING,87.30000000000001
CB018,PR014,DRIVING,79.516666668
CB018,PR015,DRIVING,73.35
CB018,PR016,DRIVING,89.050000002
CB019,PR001,DRIVING,57.400000002
CB019,PR002,DRIVING,87.91666666799999
CB019,PR003,DRIVING,49.249999998
CB019,PR004,DRIVING,23.233333332
CB019,PR005,DRIVING,12.299999999999999
CB019,PR006,DRIVING,14.816666664
CB019,PR007,DRIVING,17.383333332
CB019,PR008,DRIVING,18.166666667999998
CB019,PR009,DRIVING,38.050000002
CB019,PR010,DRIVING,26.683333332
CB019,PR011,DRIVING,71.283333336
CB019,PR012,DRIVING,65.41666666799999
CB019,PR013,DRIVING,63.933333336000004
CB019,PR014,DRIVING,60.416666664
CB019,PR015,DRIVING,82.433333334
CB019,PR016,DRIVING,108.55000000199999
CB020,PR001,DRIVING,30.316666668000003
CB020,PR002,DRIVING,50.816666664
CB020,PR003,DRIVING,18.15
CB020,PR004,DRIVING,53.533333332
CB020,PR005,DRIVING,66.716666664
CB020,PR006,DRIVING,66.18333333599999
CB020,PR007,DRIVING,63.250000002
CB020,PR008,DRIVING,66.18333333599999
CB020,PR009,DRIVING,65.449999998
CB020,PR010,DRIVING,79.083333336
CB020,PR011,DRIVING,81.733333332
CB020,PR012,DRIVING,117.816666666
CB020,PR013,DRIVING,100.716666666
CB020,PR014,DRIVING,112.816666668
CB020,PR015,DRIVING,134.833333332
CB020,PR016,DRIVING,160.93333333200002
CB021,PR001,DRIVING,106.533333336
CB021,PR002,DRIVING,79.900000002
CB021,PR003,DRIVING,102.16666666799999
CB021,PR004,DRIVING,109.399999998
CB021,PR005,DRIVING,131.283333336
CB021,PR006,DRIVING,130.750000002
CB021,PR007,DRIVING,127.816666668
CB021,PR008,DRIVING,130.750000002
CB021,PR009,DRIVING,122.433333336
CB021,PR010,DRIVING,138.766666668
CB021,PR011,DRIVING,128.85
CB021,PR012,DRIVING,182.383333332
CB021,PR013,DRIVING,155.983333332
CB021,PR014,DRIVING,177.38333333399999
CB021,PR015,DRIVING,199.399999998
CB021,PR016,DRIVING,225.499999998
CB022,PR001,DRIVING,136.316666664
CB022,PR002,DRIVING,121.399999998
CB022,PR003,DRIVING,126.33333333600001
CB022,PR004,DRIVING,114.733333332
CB022,PR005,DRIVING,135.883333332
CB022,PR006,DRIVING,125.20000000199998
CB022,PR007,DRIVING,122.866666668
CB022,PR008,DRIVING,125.21666666399999
CB022,PR009,DRIVING,98.783333334
CB022,PR010,DRIVING,133.5
CB022,PR011,DRIVING,79.05
CB022,PR012,DRIVING,184.5
CB022,PR013,DRIVING,109.433333334
CB022,PR014,DRIVING,172.300000002
CB022,PR015,DRIVING,194.316666666
CB022,PR016,DRIVING,220.416666666
CB023,PR001,DRIVING,51.250000002
CB023,PR002,DRIVING,30.683333334
CB023,PR003,DRIVING,48.250000002
CB023,PR004,DRIVING,76.783333332
CB023,PR005,DRIVING,96.816666666
CB023,PR006,DRIVING,96.283333332
CB023,PR007,DRIVING,93.349999998
CB023,PR008,DRIVING,96.283333332
CB023,PR009,DRIVING,89.80000000199999
CB023,PR010,DRIVING,106.150000002
CB023,PR011,DRIVING,96.23333333400001
CB023,PR012,DRIVING,147.916666668
CB023,PR013,DRIVING,123.36666666599999
CB023,PR014,DRIVING,142.91666666400002
CB023,PR015,DRIVING,164.933333334
CB023,PR016,DRIVING,191.033333334
CB024,PR001,DRIVING,144.61666666800002
CB024,PR002,DRIVING,123.700000002
CB024,PR003,DRIVING,140.25
CB024,PR004,DRIVING,147.48333333600002
CB024,PR005,DRIVING,169.366666668
CB024,PR006,DRIVING,168.833333334
CB024,PR007,DRIVING,165.9
CB024,PR008,DRIVING,168.833333334
CB024,PR009,DRIVING,160.516666668
CB024,PR010,DRIVING,176.85
CB024,PR011,DRIVING,157.483333332
CB024,PR012,DRIVING,220.466666664
CB024,PR013,DRIVING,187.86666666600001
CB024,PR014,DRIVING,215.466666666
CB024,PR015,DRIVING,237.48333333600002
CB024,PR016,DRIVING,263.583333336
CB025,PR001,DRIVING,137.133333336
CB025,PR002,DRIVING,122.216666664
CB025,PR003,DRIVING,127.21666666800002
CB025,PR004,DRIVING,115.600000002
CB025,PR005,DRIVING,136.766666664
CB025,PR006,DRIVING,126.08333333399999
CB025,PR007,DRIVING,123.75
CB025,PR008,DRIVING,126.100000002
CB025,PR009,DRIVING,99.66666666600001
CB025,PR010,DRIVING,134.383333332
CB025,PR011,DRIVING,79.933333332
CB025,PR012,DRIVING,185.38333333199998
CB025,PR013,DRIVING,110.316666666
CB025,PR014,DRIVING,173.166666666
CB025,PR015,DRIVING,195.199999998
CB025,PR016,DRIVING,221.299999998
CB026,PR001,DRIVING,147.083333334
CB026,PR002,DRIVING,126.15
CB026,PR003,DRIVING,142.716666666
CB026,PR004,DRIVING,149.950000002
CB026,PR005,DRIVING,171.833333334
CB026,PR006,DRIVING,171.3
CB026,PR007,DRIVING,168.366666666
CB026,PR008,DRIVING,171.3
CB026,PR009,DRIVING,162.966666666
CB026,PR010,DRIVING,179.316666666
CB026,PR011,DRIVING,161.983333332
CB026,PR012,DRIVING,222.916666668
CB026,PR013,DRIVING,192.366666666
CB026,PR014,DRIVING,217.91666666400002
CB026,PR015,DRIVING,239.950000002
CB026,PR016,DRIVING,266.05000000200005
CB027,PR001,DRIVING,114.93333333599999
CB027,PR002,DRIVING,145.450000002
CB027,PR003,DRIVING,106.766666664
CB027,PR004,DRIVING,80.749999998
CB027,PR005,DRIVING,71.633333334
CB027,PR006,DRIVING,66.649999998
CB027,PR007,DRIVING,67.35000000000001
CB027,PR008,DRIVING,68.39999999999999
CB027,PR009,DRIVING,83.500000002
CB027,PR010,DRIVING,51.700000002
CB027,PR011,DRIVING,116.716666668
CB027,PR012,DRIVING,30.683333334
CB027,PR013,DRIVING,102.766666668
CB027,PR014,DRIVING,10.266666665999999
CB027,PR015,DRIVING,31.200000000000003
CB027,PR016,DRIVING,57.316666668
CB028,PR001,DRIVING,221.766666666
CB028,PR002,DRIVING,252.283333332
CB028,PR003,DRIVING,213.6
CB028,PR004,DRIVING,182.85
CB028,PR005,DRIVING,181.033333332
CB028,PR006,DRIVING,170.533333332
CB028,PR007,DRIVING,168.19999999799998
CB028,PR008,DRIVING,170.54999999999998
CB028,PR009,DRIVING,184.783333332
CB028,PR010,DRIVING,161.116666668
CB028,PR011,DRIVING,217.999999998
CB028,PR012,DRIVING,141.75
CB028,PR013,DRIVING,204.066666666
CB028,PR014,DRIVING,120.93333333600002
CB028,PR015,DRIVING,96.616666668
CB028,PR016,DRIVING,68.31666666599999
CB029,PR001,DRIVING,83.916666666
CB029,PR002,DRIVING,112.733333334
CB029,PR003,DRIVING,83.350000002
CB029,PR004,DRIVING,66.88333333199999
CB029,PR005,DRIVING,51.199999998
CB029,PR006,DRIVING,56.149999998
CB029,PR007,DRIVING,57.483333336
CB029,PR008,DRIVING,58.233333335999994
CB029,PR009,DRIVING,78.083333334
CB029,PR010,DRIVING,60.366666666
CB029,PR011,DRIVING,111.3
CB029,PR012,DRIVING,43.249999998
CB029,PR013,DRIVING,97.016666664
CB029,PR014,DRIVING,63.566666663999996
CB029,PR015,DRIVING,85.583333334
CB029,PR016,DRIVING,111.700000002
CB030,PR001,DRIVING,138.550000002
CB030,PR002,DRIVING,160.783333332
CB030,PR003,DRIVING,131.149999998
CB030,PR004,DRIVING,105.13333333199999
CB030,PR005,DRIVING,93.88333333199999
CB030,PR006,DRIVING,94.399999998
CB030,PR007,DRIVING,95.733333336
CB030,PR008,DRIVING,96.483333336
CB030,PR009,DRIVING,116.333333334
CB030,PR010,DRIVING,98.616666666
CB030,PR011,DRIVING,149.55
CB030,PR012,DRIVING,63.850000002
CB030,PR013,DRIVING,135.26666666399998
CB030,PR014,DRIVING,92.08333333200001
CB030,PR015,DRIVING,108.516666666
CB030,PR016,DRIVING,134.63333333399999
CB031,PR001,DRIVING,126.03333333600001
CB031,PR002,DRIVING,156.55000000200002
CB031,PR003,DRIVING,117.866666664
CB031,PR004,DRIVING,87.11666666400001
CB031,PR005,DRIVING,85.833333336
CB031,PR006,DRIVING,74.816666664
CB031,PR007,DRIVING,72.466666668
CB031,PR008,DRIVING,74.816666664
CB031,PR009,DRIVING,89.066666664
CB031,PR010,DRIVING,69.66666666600001
CB031,PR011,DRIVING,122.28333333600001
CB031,PR012,DRIVING,101.466666666
CB031,PR013,DRIVING,108.333333336
CB031,PR014,DRIVING,82.733333334
CB031,PR015,DRIVING,59.783333334
CB031,PR016,DRIVING,61.033333332
CB032,PR001,DRIVING,97.30000000199999
CB032,PR002,DRIVING,119.533333332
CB032,PR003,DRIVING,104.7
CB032,PR004,DRIVING,108.166666668
CB032,PR005,DRIVING,90.14999999999999
CB032,PR006,DRIVING,99.966666666
CB032,PR007,DRIVING,101.29999999799999
CB032,PR008,DRIVING,102.049999998
CB032,PR009,DRIVING,121.900000002
CB032,PR010,DRIVING,104.18333333400001
CB032,PR011,DRIVING,155.116666668
CB032,PR012,DRIVING,71.216666664
CB032,PR013,DRIVING,140.833333332
CB032,PR014,DRIVING,99.45
CB032,PR015,DRIVING,121.46666666399999
CB032,PR016,DRIVING,147.583333332
CB033,PR001,DRIVING,62.216666664
CB033,PR002,DRIVING,92.733333336
CB033,PR003,DRIVING,54.049999998000004
CB033,PR004,DRIVING,26.716666668
CB033,PR005,DRIVING,26.7
CB033,PR006,DRIVING,10.999999998
CB033,PR007,DRIVING,8.650000002
CB033,PR008,DRIVING,12.066666666
CB033,PR009,DRIVING,29.200000002
CB033,PR010,DRIVING,22.249999998
CB033,PR011,DRIVING,62.416666668000005
CB033,PR012,DRIVING,69.483333336
CB033,PR013,DRIVING,48.133333332
CB033,PR014,DRIVING,60.933333336
CB033,PR015,DRIVING,82.95
CB033,PR016,DRIVING,109.05
CB034,PR001,DRIVING,136.666666668
CB034,PR002,DRIVING,167.183333334
CB034,PR003,DRIVING,128.500000002
CB034,PR004,DRIVING,102.49999999799999
CB034,PR005,DRIVING,93.366666666
CB034,PR006,DRIVING,88.383333336
CB034,PR007,DRIVING,89.08333333200001
CB034,PR008,DRIVING,90.13333333199999
CB034,PR009,DRIVING,105.233333334
CB034,PR010,DRIVING,73.433333334
CB034,PR011,DRIVING,138.45000000000002
CB034,PR012,DRIVING,55.866666666
CB034,PR013,DRIVING,124.51666666799998
CB034,PR014,DRIVING,33.266666664
CB034,PR015,DRIVING,7.233333336
CB034,PR016,DRIVING,31.633333332000003
CB035,PR001,DRIVING,115.35000000000001
CB035,PR002,DRIVING,145.866666666
CB035,PR003,DRIVING,107.183333334
CB035,PR004,DRIVING,67.600000002
CB035,PR005,DRIVING,74.80000000199999
CB035,PR006,DRIVING,64.116666666
CB035,PR007,DRIVING,61.783333332
CB035,PR008,DRIVING,64.133333334
CB035,PR009,DRIVING,69.53333333399999
CB035,PR010,DRIVING,63.266666664000006
CB035,PR011,DRIVING,87.583333332
CB035,PR012,DRIVING,116.766666666
CB035,PR013,DRIVING,48.466666668
CB035,PR014,DRIVING,102.049999998
CB035,PR015,DRIVING,121.79999999999998
CB035,PR016,DRIVING,137.50000000199998
CB036,PR001,DRIVING,162.89999999999998
CB036,PR002,DRIVING,193.416666666
CB036,PR003,DRIVING,154.733333334
CB036,PR004,DRIVING,128.71666666800002
CB036,PR005,DRIVING,119.599999998
CB036,PR006,DRIVING,114.616666668
CB036,PR007,DRIVING,115.316666664
CB036,PR008,DRIVING,116.36666666400001
CB036,PR009,DRIVING,131.466666666
CB036,PR010,DRIVING,99.66666666600001
CB036,PR011,DRIVING,164.68333333200002
CB036,PR012,DRIVING,58.549999998
CB036,PR013,DRIVING,150.733333332
CB036,PR014,DRIVING,59.500000002
CB036,PR015,DRIVING,62.416666668000005
CB036,PR016,DRIVING,82.00000000200001
CB037,PR001,DRIVING,69.100000002
CB037,PR002,DRIVING,99.616666668
CB037,PR003,DRIVING,60.933333336
CB037,PR004,DRIVING,21.516666666
CB037,PR005,DRIVING,34.849999998
CB037,PR006,DRIVING,18.45
CB037,PR007,DRIVING,16.116666666
CB037,PR008,DRIVING,18.466666668
CB037,PR009,DRIVING,23.466666666000002
CB037,PR010,DRIVING,23.299999998
CB037,PR011,DRIVING,56.683333332000004
CB037,PR012,DRIVING,76.81666666800001
CB037,PR013,DRIVING,41.950000002
CB037,PR014,DRIVING,62.099999999999994
CB037,PR015,DRIVING,84.116666664
CB037,PR016,DRIVING,110.216666664
CB038,PR001,DRIVING,149.216666664
CB038,PR002,DRIVING,134.283333336
CB038,PR003,DRIVING,139.283333334
CB038,PR004,DRIVING,127.683333336
CB038,PR005,DRIVING,148.833333336
CB038,PR006,DRIVING,138.16666666799998
CB038,PR007,DRIVING,135.816666666
CB038,PR008,DRIVING,138.16666666799998
CB038,PR009,DRIVING,111.733333332
CB038,PR010,DRIVING,146.449999998
CB038,PR011,DRIVING,92.01666666599999
CB038,PR012,DRIVING,197.449999998
CB038,PR013,DRIVING,122.383333332
CB038,PR014,DRIVING,185.25
CB038,PR015,DRIVING,207.266666664
CB038,PR016,DRIVING,233.366666664
CB039,PR001,DRIVING,160.433333334
CB039,PR002,DRIVING,190.95000000000002
CB039,PR003,DRIVING,152.266666668
CB039,PR004,DRIVING,121.516666668
CB039,PR005,DRIVING,120.23333333400001
CB039,PR006,DRIVING,109.2
CB039,PR007,DRIVING,106.866666666
CB039,PR008,DRIVING,109.216666668
CB039,PR009,DRIVING,123.45
CB039,PR010,DRIVING,104.050000002
CB039,PR011,DRIVING,156.683333334
CB039,PR012,DRIVING,132.983333334
CB039,PR013,DRIVING,142.733333334
CB039,PR014,DRIVING,110.4
CB039,PR015,DRIVING,86.083333332
CB039,PR016,DRIVING,61.38333333600001
CB040,PR001,DRIVING,54.833333333999995
CB040,PR002,DRIVING,85.35000000000001
CB040,PR003,DRIVING,46.666666668
CB040,PR004,DRIVING,20.666666664
CB040,PR005,DRIVING,14.200000002
CB040,PR006,DRIVING,18.666666666
CB040,PR007,DRIVING,17.783333333999998
CB040,PR008,DRIVING,20.733333336
CB040,PR009,DRIVING,35.483333334
CB040,PR010,DRIVING,28.216666668000002
CB040,PR011,DRIVING,68.7
CB040,PR012,DRIVING,66.949999998
CB040,PR013,DRIVING,61.24999999799999
CB040,PR014,DRIVING,61.949999999999996
CB040,PR015,DRIVING,83.966666664
CB040,PR016,DRIVING,110.06666666400001
CB041,PR001,DRIVING,116.183333334
CB041,PR002,DRIVING,146.7
CB041,PR003,DRIVING,108.033333336
CB041,PR004,DRIVING,82.016666664
CB041,PR005,DRIVING,72.883333332
CB041,PR006,DRIVING,67.916666664
CB041,PR007,DRIVING,68.599999998
CB041,PR008,DRIVING,69.66666666600001
CB041,PR009,DRIVING,84.766666668
CB041,PR010,DRIVING,52.966666668
CB041,PR011,DRIVING,117.98333333400001
CB041,PR012,DRIVING,18.916666667999998
CB041,PR013,DRIVING,104.03333333399999
CB041,PR014,DRIVING,16.966666668000002
CB041,PR015,DRIVING,38.983333332
CB041,PR016,DRIVING,65.1
CB042,PR001,DRIVING,45.933333336
CB042,PR002,DRIVING,77.050000002
CB042,PR003,DRIVING,42.616666668
CB042,PR004,DRIVING,46.016666664
CB042,PR005,DRIVING,37.283333334
CB042,PR006,DRIVING,46.600000001999994
CB042,PR007,DRIVING,48.533333334
CB042,PR008,DRIVING,49.766666664
CB042,PR009,DRIVING,60.833333333999995
CB042,PR010,DRIVING,56.133333336
CB042,PR011,DRIVING,94.05
CB042,PR012,DRIVING,82.683333336
CB042,PR013,DRIVING,92.78333333399999
CB042,PR014,DRIVING,89.86666666800001
CB042,PR015,DRIVING,111.88333333199999
CB042,PR016,DRIVING,138.0
CB043,PR001,DRIVING,162.416666664
CB043,PR002,DRIVING,192.933333336
CB043,PR003,DRIVING,154.249999998
CB043,PR004,DRIVING,128.25
CB043,PR005,DRIVING,119.116666668
CB043,PR006,DRIVING,114.133333332
CB043,PR007,DRIVING,114.833333334
CB043,PR008,DRIVING,115.883333334
CB043,PR009,DRIVING,130.98333333600002
CB043,PR010,DRIVING,99.183333336
CB043,PR011,DRIVING,164.200000002
CB043,PR012,DRIVING,65.033333334
CB043,PR013,DRIVING,150.26666666399998
CB043,PR014,DRIVING,59.016666666
CB043,PR015,DRIVING,63.066666666
CB043,PR016,DRIVING,63.433333332000004
CB044,PR001,DRIVING,106.71666666600001
CB044,PR002,DRIVING,137.233333332
CB044,PR003,DRIVING,98.55000000000001
CB044,PR004,DRIVING,72.550000002
CB044,PR005,DRIVING,63.416666664000005
CB044,PR006,DRIVING,58.450000001999996
CB044,PR007,DRIVING,59.133333336
CB044,PR008,DRIVING,60.183333336000004
CB044,PR009,DRIVING,75.283333332
CB044,PR010,DRIVING,43.483333332
CB044,PR011,DRIVING,108.516666666
CB044,PR012,DRIVING,28.65
CB044,PR013,DRIVING,94.56666666599999
CB044,PR014,DRIVING,12.333333335999999
CB044,PR015,DRIVING,34.35
CB044,PR016,DRIVING,60.46666666800001
CB045,PR001,DRIVING,85.450000002
CB045,PR002,DRIVING,83.7
CB045,PR003,DRIVING,108.033333336
CB045,PR004,DRIVING,133.04999999999998
CB045,PR005,DRIVING,140.133333336
CB045,PR006,DRIVING,139.30000000200002
CB045,PR007,DRIVING,136.366666668
CB045,PR008,DRIVING,139.30000000200002
CB045,PR009,DRIVING,147.88333333199998
CB045,PR010,DRIVING,152.48333333399998
CB045,PR011,DRIVING,181.09999999800002
CB045,PR012,DRIVING,191.216666664
CB045,PR013,DRIVING,179.816666664
CB045,PR014,DRIVING,186.216666666
CB045,PR015,DRIVING,208.233333336
CB045,PR016,DRIVING,234.33333333599998
CB046,PR001,DRIVING,23.933333334
CB046,PR002,DRIVING,32.233333332
CB046,PR003,DRIVING,46.516666668
CB046,PR004,DRIVING,71.533333332
CB046,PR005,DRIVING,78.60000000000001
CB046,PR006,DRIVING,77.78333333399999
CB046,PR007,DRIVING,74.85000000000001
CB046,PR008,DRIVING,77.78333333399999
CB046,PR009,DRIVING,86.350000002
CB046,PR010,DRIVING,90.96666666600001
CB046,PR011,DRIVING,119.583333336
CB046,PR012,DRIVING,129.700000002
CB046,PR013,DRIVING,118.300000002
CB046,PR014,DRIVING,124.69999999799998
CB046,PR015,DRIVING,146.716666668
CB046,PR016,DRIVING,172.81666666799998
CB047,PR001,DRIVING,217.699999998
CB047,PR002,DRIVING,248.216666664
CB047,PR003,DRIVING,209.533333332
CB047,PR004,DRIVING,183.533333334
CB047,PR005,DRIVING,174.400000002
CB047,PR006,DRIVING,169.416666666
CB047,PR007,DRIVING,170.116666668
CB047,PR008,DRIVING,171.166666668
CB047,PR009,DRIVING,186.26666666399998
CB047,PR010,DRIVING,154.466666664
CB047,PR011,DRIVING,219.499999998
CB047,PR012,DRIVING,122.95000000200001
CB047,PR013,DRIVING,205.549999998
CB047,PR014,DRIVING,114.3
CB047,PR015,DRIVING,117.21666666600001
CB047,PR016,DRIVING,113.31666666599999
CB048,PR001,DRIVING,168.216666666
CB048,PR002,DRIVING,198.733333332
CB048,PR003,DRIVING,160.05
CB048,PR004,DRIVING,129.29999999999998
CB048,PR005,DRIVING,128.033333334
CB048,PR006,DRIVING,117.0
CB048,PR007,DRIVING,114.649999998
CB048,PR008,DRIVING,117.0
CB048,PR009,DRIVING,131.25
CB048,PR010,DRIVING,111.850000002
CB048,PR011,DRIVING,164.466666666
CB048,PR012,DRIVING,109.816666668
CB048,PR013,DRIVING,150.516666666
CB048,PR014,DRIVING,87.21666666600001
CB048,PR015,DRIVING,62.899999998
CB048,PR016,DRIVING,45.333333335999995
CB049,PR001,DRIVING,169.95
CB049,PR002,DRIVING,200.466666666
CB049,PR003,DRIVING,161.783333334
CB049,PR004,DRIVING,131.033333334
CB049,PR005,DRIVING,129.75
CB049,PR006,DRIVING,118.716666666
CB049,PR007,DRIVING,116.38333333199999
CB049,PR008,DRIVING,118.73333333400001
CB049,PR009,DRIVING,132.966666666
CB049,PR010,DRIVING,113.566666668
CB049,PR011,DRIVING,166.2
CB049,PR012,DRIVING,128.016666666
CB049,PR013,DRIVING,152.25
CB049,PR014,DRIVING,105.416666664
CB049,PR015,DRIVING,81.100000002
CB049,PR016,DRIVING,52.783333332
CB050,PR001,DRIVING,70.399999998
CB050,PR002,DRIVING,100.916666664
CB050,PR003,DRIVING,62.233333332
CB050,PR004,DRIVING,25.716666666
CB050,PR005,DRIVING,32.85
CB050,PR006,DRIVING,19.183333332
CB050,PR007,DRIVING,16.833333336
CB050,PR008,DRIVING,19.183333332
CB050,PR009,DRIVING,27.649999998
CB050,PR010,DRIVING,22.983333335999998
CB050,PR011,DRIVING,60.88333333200001
CB050,PR012,DRIVING,75.633333336
CB050,PR013,DRIVING,46.933333332000004
CB050,PR014,DRIVING,61.783333332
CB050,PR015,DRIVING,83.800000002
CB050,PR016,DRIVING,109.900000002
CB051,PR001,DRIVING,127.683333336
CB051,PR002,DRIVING,106.750000002
CB051,PR003,DRIVING,123.31666666800001
CB051,PR004,DRIVING,130.549999998
CB051,PR005,DRIVING,152.433333336
CB051,PR006,DRIVING,151.900000002
CB051,PR007,DRIVING,148.966666668
CB051,PR008,DRIVING,151.900000002
CB051,PR009,DRIVING,143.566666668
CB051,PR010,DRIVING,159.9
CB051,PR011,DRIVING,149.983333332
CB051,PR012,DRIVING,203.516666664
CB051,PR013,DRIVING,177.133333332
CB051,PR014,DRIVING,198.516666666
CB051,PR015,DRIVING,220.533333336
CB051,PR016,DRIVING,246.64999999799997
CB052,PR001,DRIVING,146.80000000200002
CB052,PR002,DRIVING,144.43333333200002
CB052,PR003,DRIVING,124.56666666599999
CB052,PR004,DRIVING,112.966666668
CB052,PR005,DRIVING,134.116666668
CB052,PR006,DRIVING,123.433333332
CB052,PR007,DRIVING,121.09999999800002
CB052,PR008,DRIVING,123.45
CB052,PR009,DRIVING,97.016666664
CB052,PR010,DRIVING,131.733333336
CB052,PR011,DRIVING,70.666666668
CB052,PR012,DRIVING,182.733333336
CB052,PR013,DRIVING,83.883333336
CB052,PR014,DRIVING,170.533333332
CB052,PR015,DRIVING,192.550000002
CB052,PR016,DRIVING,218.65000000199998
CB053,PR001,DRIVING,113.149999998
CB053,PR002,DRIVING,143.666666664
CB053,PR003,DRIVING,104.983333332
CB053,PR004,DRIVING,78.983333334
CB053,PR005,DRIVING,69.850000002
CB053,PR006,DRIVING,64.883333334
CB053,PR007,DRIVING,65.56666666800001
CB053,PR008,DRIVING,66.616666668
CB053,PR009,DRIVING,81.716666664
CB053,PR010,DRIVING,49.933333332
CB053,PR011,DRIVING,114.949999998
CB053,PR012,DRIVING,32.350000002
CB053,PR013,DRIVING,100.999999998
CB053,PR014,DRIVING,9.966666665999998
CB053,PR015,DRIVING,28.633333332
CB053,PR016,DRIVING,54.75
CB054,PR001,DRIVING,84.916666668
CB054,PR002,DRIVING,83.166666666
CB054,PR003,DRIVING,107.50000000200001
CB054,PR004,DRIVING,132.51666666600002
CB054,PR005,DRIVING,139.600000002
CB054,PR006,DRIVING,138.766666668
CB054,PR007,DRIVING,135.833333334
CB054,PR008,DRIVING,138.766666668
CB054,PR009,DRIVING,147.34999999800002
CB054,PR010,DRIVING,151.95000000000002
CB054,PR011,DRIVING,180.566666664
CB054,PR012,DRIVING,190.683333336
CB054,PR013,DRIVING,179.283333336
CB054,PR014,DRIVING,185.68333333200002
CB054,PR015,DRIVING,207.700000002
CB054,PR016,DRIVING,233.800000002
CB055,PR001,DRIVING,133.266666666
CB055,PR002,DRIVING,112.35000000000001
CB055,PR003,DRIVING,128.899999998
CB055,PR004,DRIVING,136.15000000199998
CB055,PR005,DRIVING,158.033333334
CB055,PR006,DRIVING,157.483333332
CB055,PR007,DRIVING,154.549999998
CB055,PR008,DRIVING,157.5
CB055,PR009,DRIVING,149.166666666
CB055,PR010,DRIVING,165.499999998
CB055,PR011,DRIVING,155.58333333599998
CB055,PR012,DRIVING,209.116666668
CB055,PR013,DRIVING,182.716666668
CB055,PR014,DRIVING,204.116666664
CB055,PR015,DRIVING,226.13333333399999
CB055,PR016,DRIVING,252.250000002
CB056,PR001,DRIVING,65.283333336
CB056,PR002,DRIVING,95.800000002
CB056,PR003,DRIVING,57.116666664
CB056,PR004,DRIVING,14.650000002
CB056,PR005,DRIVING,35.966666664
CB056,PR006,DRIVING,20.683333332
CB056,PR007,DRIVING,17.266666668000003
CB056,PR008,DRIVING,20.683333332
CB056,PR009,DRIVING,22.416666666
CB056,PR010,DRIVING,32.733333336
CB056,PR011,DRIVING,55.633333332
CB056,PR012,DRIVING,79.983333336
CB056,PR013,DRIVING,52.150000002
CB056,PR014,DRIVING,71.416666668
CB056,PR015,DRIVING,93.433333332
CB056,PR016,DRIVING,119.533333332
CB057,PR001,DRIVING,54.6
CB057,PR002,DRIVING,85.116666666
CB057,PR003,DRIVING,46.433333334
CB057,PR004,DRIVING,18.199999998
CB057,PR005,DRIVING,19.399999998000002
CB057,PR006,DRIVING,17.350000002
CB057,PR007,DRIVING,14.416666668000001
CB057,PR008,DRIVING,17.350000002
CB057,PR009,DRIVING,33.016666668
CB057,PR010,DRIVING,31.766666664000002
CB057,PR011,DRIVING,66.25000000200001
CB057,PR012,DRIVING,70.5
CB057,PR013,DRIVING,57.866666664
CB057,PR014,DRIVING,65.48333333400001
CB057,PR015,DRIVING,87.51666666599999
CB057,PR016,DRIVING,113.616666666
CB058,PR001,DRIVING,140.716666668
CB058,PR002,DRIVING,119.80000000199999
CB058,PR003,DRIVING,136.35
CB058,PR004,DRIVING,143.583333336
CB058,PR005,DRIVING,165.466666668
CB058,PR006,DRIVING,164.933333334
CB058,PR007,DRIVING,162.0
CB058,PR008,DRIVING,164.933333334
CB058,PR009,DRIVING,156.6
CB058,PR010,DRIVING,172.95
CB058,PR011,DRIVING,155.800000002
CB058,PR012,DRIVING,216.566666664
CB058,PR013,DRIVING,186.183333336
CB058,PR014,DRIVING,211.549999998
CB058,PR015,DRIVING,233.583333336
CB058,PR016,DRIVING,259.683333336
CB059,PR001,DRIVING,97.05
CB059,PR002,DRIVING,127.566666666
CB059,PR003,DRIVING,88.883333334
CB059,PR004,DRIVING,62.86666666799999
CB059,PR005,DRIVING,53.749999998
CB059,PR006,DRIVING,48.766666668
CB059,PR007,DRIVING,49.450000002
CB059,PR008,DRIVING,50.516666664000006
CB059,PR009,DRIVING,65.616666666
CB059,PR010,DRIVING,33.816666665999996
CB059,PR011,DRIVING,98.833333332
CB059,PR012,DRIVING,47.216666664
CB059,PR013,DRIVING,84.883333332
CB059,PR014,DRIVING,33.116666664
CB059,PR015,DRIVING,55.133333334
CB059,PR016,DRIVING,81.23333333400001
CB060,PR001,DRIVING,184.88333333399999
CB060,PR002,DRIVING,215.39999999999998
CB060,PR003,DRIVING,176.716666668
CB060,PR004,DRIVING,150.700000002
CB060,PR005,DRIVING,141.583333332
CB060,PR006,DRIVING,136.600000002
CB060,PR007,DRIVING,137.299999998
CB060,PR008,DRIVING,138.349999998
CB060,PR009,DRIVING,153.45000000000002
CB060,PR010,DRIVING,121.64999999999999
CB060,PR011,DRIVING,186.666666666
CB060,PR012,DRIVING,90.13333333199999
CB060,PR013,DRIVING,172.716666666
CB060,PR014,DRIVING,81.483333336
CB060,PR015,DRIVING,84.400000002
CB060,PR016,DRIVING,86.39999999999999
CB061,PR001,DRIVING,146.983333332
CB061,PR002,DRIVING,177.49999999800002
CB061,PR003,DRIVING,138.816666666
CB061,PR004,DRIVING,108.066666666
CB061,PR005,DRIVING,106.783333332
CB061,PR006,DRIVING,95.749999998
CB061,PR007,DRIVING,93.416666664
CB061,PR008,DRIVING,95.76666666599999
CB061,PR009,DRIVING,109.99999999799999
CB061,PR010,DRIVING,90.6
CB061,PR011,DRIVING,143.233333332
CB061,PR012,DRIVING,93.016666668
CB061,PR013,DRIVING,129.283333332
CB061,PR014,DRIVING,70.95
CB061,PR015,DRIVING,47.149999998000006
CB061,PR016,DRIVING,41.066666663999996
CB062,PR001,DRIVING,69.43333333199999
CB062,PR002,DRIVING,99.949999998
CB062,PR003,DRIVING,61.266666666
CB062,PR004,DRIVING,31.999999998
CB062,PR005,DRIVING,28.633333332
CB062,PR006,DRIVING,18.766666668
CB062,PR007,DRIVING,15.866666663999998
CB062,PR008,DRIVING,18.166666667999998
CB062,PR009,DRIVING,33.933333336000004
CB062,PR010,DRIVING,13.216666668
CB062,PR011,DRIVING,67.166666664
CB062,PR012,DRIVING,70.066666668
CB062,PR013,DRIVING,53.216666664
CB062,PR014,DRIVING,55.35
CB062,PR015,DRIVING,77.366666664
CB062,PR016,DRIVING,103.483333332
CB063,PR001,DRIVING,93.016666668
CB063,PR002,DRIVING,119.88333333599999
CB063,PR003,DRIVING,73.233333336
CB063,PR004,DRIVING,45.433333332000004
CB063,PR005,DRIVING,66.58333333200001
CB063,PR006,DRIVING,55.916666664000005
CB063,PR007,DRIVING,53.566666668
CB063,PR008,DRIVING,55.916666664000005
CB063,PR009,DRIVING,29.500000002
CB063,PR010,DRIVING,64.216666668
CB063,PR011,DRIVING,27.033333336
CB063,PR012,DRIVING,115.19999999999999
CB063,PR013,DRIVING,40.833333336
CB063,PR014,DRIVING,103.000000002
CB063,PR015,DRIVING,125.016666666
CB063,PR016,DRIVING,151.13333333399999
CB064,PR001,DRIVING,68.350000002
CB064,PR002,DRIVING,98.866666668
CB064,PR003,DRIVING,60.183333336000004
CB064,PR004,DRIVING,22.483333332
CB064,PR005,DRIVING,35.650000002
CB064,PR006,DRIVING,17.133333336
CB064,PR007,DRIVING,14.783333334
CB064,PR008,DRIVING,17.133333336
CB064,PR009,DRIVING,24.416666664
CB064,PR010,DRIVING,24.316666668
CB064,PR011,DRIVING,57.649999998
CB064,PR012,DRIVING,76.416666666
CB064,PR013,DRIVING,43.033333332
CB064,PR014,DRIVING,63.11666666399999
CB064,PR015,DRIVING,85.133333334
CB064,PR016,DRIVING,111.23333333400001
CB065,PR001,DRIVING,79.36666666800001
CB065,PR002,DRIVING,64.433333334
CB065,PR003,DRIVING,76.083333336
CB065,PR004,DRIVING,80.516666664
CB065,PR005,DRIVING,102.400000002
CB065,PR006,DRIVING,101.86666666800001
CB065,PR007,DRIVING,98.933333334
CB065,PR008,DRIVING,101.86666666800001
CB065,PR009,DRIVING,81.616666668
CB065,PR010,DRIVING,109.866666666
CB065,PR011,DRIVING,67.750000002
CB065,PR012,DRIVING,153.48333333600002
CB065,PR013,DRIVING,98.133333336
CB065,PR014,DRIVING,148.483333332
CB065,PR015,DRIVING,170.500000002
CB065,PR016,DRIVING,196.616666664
CB066,PR001,DRIVING,83.800000002
CB066,PR002,DRIVING,114.3
CB066,PR003,DRIVING,75.89999999999999
CB066,PR004,DRIVING,36.216666666
CB066,PR005,DRIVING,57.366666666
CB066,PR006,DRIVING,46.699999997999996
CB066,PR007,DRIVING,44.350000002
CB066,PR008,DRIVING,46.699999997999996
CB066,PR009,DRIVING,20.266666668
CB066,PR010,DRIVING,54.983333334
CB066,PR011,DRIVING,31.233333336
CB066,PR012,DRIVING,105.983333334
CB066,PR013,DRIVING,31.166666664
CB066,PR014,DRIVING,93.783333336
CB066,PR015,DRIVING,115.8
CB066,PR016,DRIVING,141.9
CB067,PR001,DRIVING,55.983333336
CB067,PR002,DRIVING,86.500000002
CB067,PR003,DRIVING,37.883333334
CB067,PR004,DRIVING,17.616666666
CB067,PR005,DRIVING,39.499999998
CB067,PR006,DRIVING,38.950000002
CB067,PR007,DRIVING,36.016666668
CB067,PR008,DRIVING,38.966666664
CB067,PR009,DRIVING,34.399999998
CB067,PR010,DRIVING,47.749999998
CB067,PR011,DRIVING,65.55
CB067,PR012,DRIVING,90.583333332
CB067,PR013,DRIVING,64.966666668
CB067,PR014,DRIVING,85.583333334
CB067,PR015,DRIVING,107.599999998
CB067,PR016,DRIVING,133.716666666
CB068,PR001,DRIVING,74.533333332
CB068,PR002,DRIVING,105.04999999799999
CB068,PR003,DRIVING,66.366666666
CB068,PR004,DRIVING,35.616666666
CB068,PR005,DRIVING,34.333333331999995
CB068,PR006,DRIVING,23.299999998
CB068,PR007,DRIVING,20.966666664
CB068,PR008,DRIVING,23.316666666
CB068,PR009,DRIVING,37.549999998000004
CB068,PR010,DRIVING,14.883333336
CB068,PR011,DRIVING,70.783333332
CB068,PR012,DRIVING,71.10000000000001
CB068,PR013,DRIVING,56.833333331999995
CB068,PR014,DRIVING,56.383333332
CB068,PR015,DRIVING,78.400000002
CB068,PR016,DRIVING,104.50000000200001
CB069,PR001,DRIVING,131.36666666399998
CB069,PR002,DRIVING,116.433333336
CB069,PR003,DRIVING,113.149999998
CB069,PR004,DRIVING,101.533333332
CB069,PR005,DRIVING,122.68333333199999
CB069,PR006,DRIVING,112.016666664
CB069,PR007,DRIVING,109.66666666799999
CB069,PR008,DRIVING,112.016666664
CB069,PR009,DRIVING,85.600000002
CB069,PR010,DRIVING,120.316666668
CB069,PR011,DRIVING,64.733333334
CB069,PR012,DRIVING,171.3
CB069,PR013,DRIVING,83.899999998
CB069,PR014,DRIVING,159.100000002
CB069,PR015,DRIVING,181.116666666
CB069,PR016,DRIVING,207.233333334
CB070,PR001,DRIVING,143.76666666600002
CB070,PR002,DRIVING,122.833333332
CB070,PR003,DRIVING,139.399999998
CB070,PR004,DRIVING,146.633333334
CB070,PR005,DRIVING,168.516666666
CB070,PR006,DRIVING,167.983333332
CB070,PR007,DRIVING,165.049999998
CB070,PR008,DRIVING,167.983333332
CB070,PR009,DRIVING,159.649999998
CB070,PR010,DRIVING,175.999999998
CB070,PR011,DRIVING,153.45000000000002
CB070,PR012,DRIVING,219.60000000000002
CB070,PR013,DRIVING,183.833333334
CB070,PR014,DRIVING,214.600000002
CB070,PR015,DRIVING,236.61666666600001
CB070,PR016,DRIVING,262.733333334
CB071,PR001,DRIVING,66.283333332
CB071,PR002,DRIVING,96.799999998
CB071,PR003,DRIVING,58.116666666
CB071,PR004,DRIVING,23.833333332
CB071,PR005,DRIVING,33.583333332
CB071,PR006,DRIVING,15.066666666
CB071,PR007,DRIVING,12.716666664
CB071,PR008,DRIVING,15.066666666
CB071,PR009,DRIVING,25.783333332
CB071,PR010,DRIVING,26.766666666
CB071,PR011,DRIVING,58.999999998
CB071,PR012,DRIVING,74.350000002
CB071,PR013,DRIVING,44.800000002000004
CB071,PR014,DRIVING,65.55
CB071,PR015,DRIVING,87.583333332
CB071,PR016,DRIVING,113.683333332
CB072,PR001,DRIVING,95.76666666599999
CB072,PR002,DRIVING,94.000000002
CB072,PR003,DRIVING,118.33333333200001
CB072,PR004,DRIVING,143.366666664
CB072,PR005,DRIVING,150.433333332
CB072,PR006,DRIVING,149.599999998
CB072,PR007,DRIVING,146.66666666400002
CB072,PR008,DRIVING,149.616666666
CB072,PR009,DRIVING,158.183333334
CB072,PR010,DRIVING,162.799999998
CB072,PR011,DRIVING,191.4
CB072,PR012,DRIVING,201.516666666
CB072,PR013,DRIVING,190.133333334
CB072,PR014,DRIVING,196.516666668
CB072,PR015,DRIVING,218.55
CB072,PR016,DRIVING,244.64999999999998
CB073,PR001,DRIVING,22.916666664
CB073,PR002,DRIVING,42.583333332
CB073,PR003,DRIVING,16.516666668
CB073,PR004,DRIVING,58.383333336
CB073,PR005,DRIVING,65.449999998
CB073,PR006,DRIVING,64.633333332
CB073,PR007,DRIVING,61.699999997999996
CB073,PR008,DRIVING,64.633333332
CB073,PR009,DRIVING,73.116666666
CB073,PR010,DRIVING,77.816666664
CB073,PR011,DRIVING,89.416666668
CB073,PR012,DRIVING,116.55
CB073,PR013,DRIVING,105.14999999999999
CB073,PR014,DRIVING,111.550000002
CB073,PR015,DRIVING,133.566666666
CB073,PR016,DRIVING,159.666666666
CB074,PR001,DRIVING,84.16666666799999
CB074,PR002,DRIVING,63.250000002
CB074,PR003,DRIVING,79.80000000000001
CB074,PR004,DRIVING,86.416666668
CB074,PR005,DRIVING,108.3
CB074,PR006,DRIVING,107.766666666
CB074,PR007,DRIVING,104.833333332
CB074,PR008,DRIVING,107.766666666
CB074,PR009,DRIVING,99.43333333199999
CB074,PR010,DRIVING,115.766666664
CB074,PR011,DRIVING,105.850000002
CB074,PR012,DRIVING,159.383333334
CB074,PR013,DRIVING,133.000000002
CB074,PR014,DRIVING,154.383333336
CB074,PR015,DRIVING,176.4
CB074,PR016,DRIVING,202.516666668
CB075,PR001,DRIVING,187.38333333600002
CB075,PR002,DRIVING,217.900000002
CB075,PR003,DRIVING,179.216666664
CB075,PR004,DRIVING,153.216666666
CB075,PR005,DRIVING,144.083333334
CB075,PR006,DRIVING,139.11666666600001
CB075,PR007,DRIVING,139.8
CB075,PR008,DRIVING,140.85000000000002
CB075,PR009,DRIVING,155.950000002
CB075,PR010,DRIVING,124.15000000200001
CB075,PR011,DRIVING,189.183333336
CB075,PR012,DRIVING,92.650000002
CB075,PR013,DRIVING,175.233333336
CB075,PR014,DRIVING,83.983333332
CB075,PR015,DRIVING,86.899999998
CB075,PR016,DRIVING,88.900000002
CB076,PR001,DRIVING,161.149999998
CB076,PR002,DRIVING,191.66666666400002
CB076,PR003,DRIVING,152.983333332
CB076,PR004,DRIVING,122.233333332
CB076,PR005,DRIVING,120.94999999799998
CB076,PR006,DRIVING,109.933333332
CB076,PR007,DRIVING,107.58333333600001
CB076,PR008,DRIVING,109.933333332
CB076,PR009,DRIVING,124.18333333199999
CB076,PR010,DRIVING,104.783333334
CB076,PR011,DRIVING,157.399999998
CB076,PR012,DRIVING,136.583333334
CB076,PR013,DRIVING,143.44999999799998
CB076,PR014,DRIVING,116.833333332
CB076,PR015,DRIVING,92.516666664
CB076,PR016,DRIVING,68.266666668
CB077,PR001,DRIVING,87.183333336
CB077,PR002,DRIVING,61.533333336
CB077,PR003,DRIVING,82.816666668
CB077,PR004,DRIVING,90.04999999799999
CB077,PR005,DRIVING,111.933333336
CB077,PR006,DRIVING,111.400000002
CB077,PR007,DRIVING,108.466666668
CB077,PR008,DRIVING,111.400000002
CB077,PR009,DRIVING,103.083333336
CB077,PR010,DRIVING,119.416666668
CB077,PR011,DRIVING,109.5
CB077,PR012,DRIVING,163.033333332
CB077,PR013,DRIVING,136.63333333199998
CB077,PR014,DRIVING,158.033333334
CB077,PR015,DRIVING,180.049999998
CB077,PR016,DRIVING,206.149999998
CB078,PR001,DRIVING,192.866666664
CB078,PR002,DRIVING,223.36666666800002
CB078,PR003,DRIVING,184.69999999799998
CB078,PR004,DRIVING,153.933333336
CB078,PR005,DRIVING,152.566666668
CB078,PR006,DRIVING,141.633333336
CB078,PR007,DRIVING,139.283333334
CB078,PR008,DRIVING,141.633333336
CB078,PR009,DRIVING,155.883333336
CB078,PR010,DRIVING,132.633333336
CB078,PR011,DRIVING,189.100000002
CB078,PR012,DRIVING,115.066666668
CB078,PR013,DRIVING,175.166666664
CB078,PR014,DRIVING,92.466666666
CB078,PR015,DRIVING,68.149999998
CB078,PR016,DRIVING,39.850000002
CB079,PR001,DRIVING,30.700000002000003
CB079,PR002,DRIVING,22.016666664000002
CB079,PR003,DRIVING,53.283333336000005
CB079,PR004,DRIVING,78.316666668
CB079,PR005,DRIVING,85.38333333599999
CB079,PR006,DRIVING,84.550000002
CB079,PR007,DRIVING,81.616666668
CB079,PR008,DRIVING,84.566666664
CB079,PR009,DRIVING,93.13333333199999
CB079,PR010,DRIVING,97.733333334
CB079,PR011,DRIVING,126.349999998
CB079,PR012,DRIVING,136.466666664
CB079,PR013,DRIVING,125.083333332
CB079,PR014,DRIVING,131.466666666
CB079,PR015,DRIVING,153.48333333600002
CB079,PR016,DRIVING,179.599999998
CB080,PR001,DRIVING,104.283333336
CB080,PR002,DRIVING,110.46666666600001
CB080,PR003,DRIVING,82.066666668
CB080,PR004,DRIVING,71.016666666
CB080,PR005,DRIVING,92.16666666600001
CB080,PR006,DRIVING,81.499999998
CB080,PR007,DRIVING,79.150000002
CB080,PR008,DRIVING,81.499999998
CB080,PR009,DRIVING,55.083333335999995
CB080,PR010,DRIVING,89.80000000199999
CB080,PR011,DRIVING,33.933333336000004
CB080,PR012,DRIVING,140.783333334
CB080,PR013,DRIVING,53.1
CB080,PR014,DRIVING,128.583333336
CB080,PR015,DRIVING,150.6
CB080,PR016,DRIVING,176.716666668
CB081,PR001,DRIVING,161.483333334
CB081,PR002,DRIVING,192.0
CB081,PR003,DRIVING,153.316666668
CB081,PR004,DRIVING,122.566666668
CB081,PR005,DRIVING,121.28333333399999
CB081,PR006,DRIVING,110.25
CB081,PR007,DRIVING,107.916666666
CB081,PR008,DRIVING,110.266666668
CB081,PR009,DRIVING,124.50000000000001
CB081,PR010,DRIVING,105.100000002
CB081,PR011,DRIVING,157.733333334
CB081,PR012,DRIVING,124.733333334
CB081,PR013,DRIVING,143.783333334
CB081,PR014,DRIVING,102.133333332
CB081,PR015,DRIVING,77.816666664
CB081,PR016,DRIVING,61.699999997999996
CB082,PR001,DRIVING,56.149999998
CB082,PR002,DRIVING,63.983333333999994
CB082,PR003,DRIVING,43.733333334
CB082,PR004,DRIVING,48.916666668
CB082,PR005,DRIVING,70.816666668
CB082,PR006,DRIVING,70.266666666
CB082,PR007,DRIVING,67.333333332
CB082,PR008,DRIVING,70.28333333399999
CB082,PR009,DRIVING,61.949999999999996
CB082,PR010,DRIVING,78.283333332
CB082,PR011,DRIVING,69.966666666
CB082,PR012,DRIVING,121.900000002
CB082,PR013,DRIVING,95.500000002
CB082,PR014,DRIVING,116.899999998
CB082,PR015,DRIVING,138.916666668
CB082,PR016,DRIVING,165.016666668
CB083,PR001,DRIVING,81.33333333600001
CB083,PR002,DRIVING,79.583333334
CB083,PR003,DRIVING,103.916666664
CB083,PR004,DRIVING,128.933333334
CB083,PR005,DRIVING,136.016666664
CB083,PR006,DRIVING,135.183333336
CB083,PR007,DRIVING,132.250000002
CB083,PR008,DRIVING,135.183333336
CB083,PR009,DRIVING,143.76666666600002
CB083,PR010,DRIVING,148.36666666800002
CB083,PR011,DRIVING,176.983333332
CB083,PR012,DRIVING,187.099999998
CB083,PR013,DRIVING,175.69999999799998
CB083,PR014,DRIVING,182.10000000000002
CB083,PR015,DRIVING,204.116666664
CB083,PR016,DRIVING,230.216666664
CB084,PR001,DRIVING,89.55
CB084,PR002,DRIVING,120.066666666
CB084,PR003,DRIVING,81.383333334
CB084,PR004,DRIVING,42.166666668
CB084,PR005,DRIVING,49.383333336
CB084,PR006,DRIVING,38.316666666
CB084,PR007,DRIVING,35.983333332
CB084,PR008,DRIVING,38.333333333999995
CB084,PR009,DRIVING,44.116666668
CB084,PR010,DRIVING,32.916666666000005
CB084,PR011,DRIVING,77.333333334
CB084,PR012,DRIVING,89.516666664
CB084,PR013,DRIVING,63.666666666
CB084,PR014,DRIVING,73.33333333200001
CB084,PR015,DRIVING,95.350000002
CB084,PR016,DRIVING,119.650000002
CB085,PR001,DRIVING,82.64999999999999
CB085,PR002,DRIVING,74.50000000200001
CB085,PR003,DRIVING,63.649999998
CB085,PR004,DRIVING,66.0
CB085,PR005,DRIVING,87.883333332
CB085,PR006,DRIVING,87.333333336
CB085,PR007,DRIVING,84.400000002
CB085,PR008,DRIVING,87.349999998
CB085,PR009,DRIVING,62.666666664000005
CB085,PR010,DRIVING,95.350000002
CB085,PR011,DRIVING,58.133333334
CB085,PR012,DRIVING,138.966666666
CB085,PR013,DRIVING,87.96666666600001
CB085,PR014,DRIVING,133.966666668
CB085,PR015,DRIVING,155.983333332
CB085,PR016,DRIVING,182.10000000000002
CB086,PR001,DRIVING,94.5
CB086,PR002,DRIVING,92.749999998
CB086,PR003,DRIVING,117.083333334
CB086,PR004,DRIVING,142.099999998
CB086,PR005,DRIVING,149.183333334
CB086,PR006,DRIVING,148.35000000000002
CB086,PR007,DRIVING,145.416666666
CB086,PR008,DRIVING,148.35000000000002
CB086,PR009,DRIVING,156.933333336
CB086,PR010,DRIVING,161.53333333199998
CB086,PR011,DRIVING,190.15000000199998
CB086,PR012,DRIVING,200.266666668
CB086,PR013,DRIVING,188.883333336
CB086,PR014,DRIVING,195.26666666399998
CB086,PR015,DRIVING,217.283333334
CB086,PR016,DRIVING,243.400000002
CB087,PR001,DRIVING,12.049999998
CB087,PR002,DRIVING,38.633333334
CB087,PR003,DRIVING,33.983333334
CB087,PR004,DRIVING,58.999999998
CB087,PR005,DRIVING,66.066666666
CB087,PR006,DRIVING,65.25
CB087,PR007,DRIVING,62.316666666
CB087,PR008,DRIVING,65.25
CB087,PR009,DRIVING,73.816666668
CB087,PR010,DRIVING,78.433333332
CB087,PR011,DRIVING,107.050000002
CB087,PR012,DRIVING,116.883333336
CB087,PR013,DRIVING,105.766666668
CB087,PR014,DRIVING,112.166666664
CB087,PR015,DRIVING,134.183333334
CB087,PR016,DRIVING,160.28333333400002
CB088,PR001,DRIVING,131.266666668
CB088,PR002,DRIVING,116.333333334
CB088,PR003,DRIVING,121.333333332
CB088,PR004,DRIVING,109.733333334
CB088,PR005,DRIVING,130.88333333399999
CB088,PR006,DRIVING,120.21666666600001
CB088,PR007,DRIVING,117.866666664
CB088,PR008,DRIVING,120.21666666600001
CB088,PR009,DRIVING,93.79999999799999
CB088,PR010,DRIVING,128.500000002
CB088,PR011,DRIVING,74.066666664
CB088,PR012,DRIVING,179.500000002
CB088,PR013,DRIVING,104.449999998
CB088,PR014,DRIVING,167.299999998
CB088,PR015,DRIVING,189.31666666799998
CB088,PR016,DRIVING,215.433333336
CB089,PR001,DRIVING,209.749999998
CB089,PR002,DRIVING,240.26666666399998
CB089,PR003,DRIVING,201.583333332
CB089,PR004,DRIVING,175.583333334
CB089,PR005,DRIVING,166.450000002
CB089,PR006,DRIVING,161.466666666
CB089,PR007,DRIVING,162.166666668
CB089,PR008,DRIVING,163.216666668
CB089,PR009,DRIVING,178.316666664
CB089,PR010,DRIVING,146.51666666399998
CB089,PR011,DRIVING,211.549999998
CB089,PR012,DRIVING,115.00000000200001
CB089,PR013,DRIVING,197.59999999800002
CB089,PR014,DRIVING,106.35
CB089,PR015,DRIVING,109.266666666
CB089,PR016,DRIVING,105.366666666
CB090,PR001,DRIVING,144.483333336
CB090,PR002,DRIVING,137.350000002
CB090,PR003,DRIVING,122.25
CB090,PR004,DRIVING,110.650000002
CB090,PR005,DRIVING,131.80000000200002
CB090,PR006,DRIVING,121.13333333399999
CB090,PR007,DRIVING,118.783333332
CB090,PR008,DRIVING,121.13333333399999
CB090,PR009,DRIVING,94.71666666600001
CB090,PR010,DRIVING,129.41666666400002
CB090,PR011,DRIVING,68.36666666400001
CB090,PR012,DRIVING,180.41666666400002
CB090,PR013,DRIVING,81.566666664
CB090,PR014,DRIVING,168.216666666
CB090,PR015,DRIVING,190.233333336
CB090,PR016,DRIVING,216.34999999800002
CB091,PR001,DRIVING,107.83333333200001
CB091,PR002,DRIVING,138.349999998
CB091,PR003,DRIVING,99.66666666600001
CB091,PR004,DRIVING,60.250000002
CB091,PR005,DRIVING,81.416666664
CB091,PR006,DRIVING,65.716666668
CB091,PR007,DRIVING,63.36666666600001
CB091,PR008,DRIVING,65.733333336
CB091,PR009,DRIVING,44.316666666
CB091,PR010,DRIVING,74.25
CB091,PR011,DRIVING,33.799999998000004
CB091,PR012,DRIVING,125.016666666
CB091,PR013,DRIVING,16.35
CB091,PR014,DRIVING,113.050000002
CB091,PR015,DRIVING,135.066666666
CB091,PR016,DRIVING,161.166666666
CB092,PR001,DRIVING,135.683333334
CB092,PR002,DRIVING,120.76666666799998
CB092,PR003,DRIVING,125.76666666599999
CB092,PR004,DRIVING,114.15
CB092,PR005,DRIVING,135.31666666799998
CB092,PR006,DRIVING,124.633333332
CB092,PR007,DRIVING,122.29999999800002
CB092,PR008,DRIVING,124.65
CB092,PR009,DRIVING,98.216666664
CB092,PR010,DRIVING,132.933333336
CB092,PR011,DRIVING,78.483333336
CB092,PR012,DRIVING,183.933333336
CB092,PR013,DRIVING,108.86666666400001
CB092,PR014,DRIVING,171.716666664
CB092,PR015,DRIVING,193.75000000199998
CB092,PR016,DRIVING,219.850000002
CB093,PR001,DRIVING,107.116666668
CB093,PR002,DRIVING,137.633333334
CB093,PR003,DRIVING,98.950000002
CB093,PR004,DRIVING,72.933333336
CB093,PR005,DRIVING,61.683333336
CB093,PR006,DRIVING,62.200000001999996
CB093,PR007,DRIVING,63.533333334000005
CB093,PR008,DRIVING,64.283333334
CB093,PR009,DRIVING,84.133333332
CB093,PR010,DRIVING,66.416666664
CB093,PR011,DRIVING,117.349999998
CB093,PR012,DRIVING,29.85
CB093,PR013,DRIVING,103.06666666800001
CB093,PR014,DRIVING,50.183333334
CB093,PR015,DRIVING,72.199999998
CB093,PR016,DRIVING,98.299999998
CB094,PR001,DRIVING,94.433333334
CB094,PR002,DRIVING,92.683333332
CB094,PR003,DRIVING,117.016666668
CB094,PR004,DRIVING,142.033333332
CB094,PR005,DRIVING,149.116666668
CB094,PR006,DRIVING,148.283333334
CB094,PR007,DRIVING,145.35
CB094,PR008,DRIVING,148.283333334
CB094,PR009,DRIVING,156.866666664
CB094,PR010,DRIVING,161.466666666
CB094,PR011,DRIVING,190.083333336
CB094,PR012,DRIVING,200.200000002
CB094,PR013,DRIVING,188.816666664
CB094,PR014,DRIVING,195.199999998
CB094,PR015,DRIVING,217.21666666800002
CB094,PR016,DRIVING,243.33333333599998
CB095,PR001,DRIVING,133.483333332
CB095,PR002,DRIVING,164.149999998
CB095,PR003,DRIVING,125.316666666
CB095,PR004,DRIVING,99.31666666800001
CB095,PR005,DRIVING,88.06666666800001
CB095,PR006,DRIVING,88.566666666
CB095,PR007,DRIVING,89.899999998
CB095,PR008,DRIVING,90.649999998
CB095,PR009,DRIVING,110.500000002
CB095,PR010,DRIVING,92.78333333399999
CB095,PR011,DRIVING,143.71666666800002
CB095,PR012,DRIVING,56.050000002000004
CB095,PR013,DRIVING,129.43333333200002
CB095,PR014,DRIVING,80.7
CB095,PR015,DRIVING,86.650000002
CB095,PR016,DRIVING,112.766666664
CB096,PR001,DRIVING,66.816666666
CB096,PR002,DRIVING,97.333333332
CB096,PR003,DRIVING,58.650000000000006
CB096,PR004,DRIVING,19.233333335999998
CB096,PR005,DRIVING,40.383333336
CB096,PR006,DRIVING,26.950000002
CB096,PR007,DRIVING,24.616666668
CB096,PR008,DRIVING,26.966666663999998
CB096,PR009,DRIVING,15.283333332000002
CB096,PR010,DRIVING,35.25
CB096,PR011,DRIVING,48.516666666
CB096,PR012,DRIVING,86.25
CB096,PR013,DRIVING,52.466666664
CB096,PR014,DRIVING,74.050000002
CB096,PR015,DRIVING,96.066666666
CB096,PR016,DRIVING,122.166666666
CB097,PR001,DRIVING,176.333333334
CB097,PR002,DRIVING,206.85
CB097,PR003,DRIVING,168.16666666799998
CB097,PR004,DRIVING,142.150000002
CB097,PR005,DRIVING,133.033333332
CB097,PR006,DRIVING,128.05000000200002
CB097,PR007,DRIVING,128.74999999800002
CB097,PR008,DRIVING,129.799999998
CB097,PR009,DRIVING,144.9
CB097,PR010,DRIVING,113.1
CB097,PR011,DRIVING,178.116666666
CB097,PR012,DRIVING,86.950000002
CB097,PR013,DRIVING,164.166666666
CB097,PR014,DRIVING,72.933333336
CB097,PR015,DRIVING,64.016666664
CB097,PR016,DRIVING,47.016666666
CB098,PR001,DRIVING,59.149999998
CB098,PR002,DRIVING,89.666666664
CB098,PR003,DRIVING,50.983333332
CB098,PR004,DRIVING,14.333333334
CB098,PR005,DRIVING,27.683333334
CB098,PR006,DRIVING,13.283333334
CB098,PR007,DRIVING,9.783333336
CB098,PR008,DRIVING,13.283333334
CB098,PR009,DRIVING,29.083333332
CB098,PR010,DRIVING,28.416666665999998
CB098,PR011,DRIVING,62.316666666
CB098,PR012,DRIVING,75.666666666
CB098,PR013,DRIVING,53.800000002
CB098,PR014,DRIVING,67.099999998
CB098,PR015,DRIVING,89.116666668
CB098,PR016,DRIVING,115.233333336
CB099,PR001,DRIVING,55.05
CB099,PR002,DRIVING,85.566666666
CB099,PR003,DRIVING,46.883333334
CB099,PR004,DRIVING,19.333333332000002
CB099,PR005,DRIVING,19.716666666000002
CB099,PR006,DRIVING,17.800000002
CB099,PR007,DRIVING,14.866666667999999
CB099,PR008,DRIVING,17.816666664
CB099,PR009,DRIVING,35.816666664
CB099,PR010,DRIVING,32.066666664
CB099,PR011,DRIVING,69.033333336
CB099,PR012,DRIVING,70.8
CB099,PR013,DRIVING,58.333333332
CB099,PR014,DRIVING,65.800000002
CB099,PR015,DRIVING,87.816666666
CB099,PR016,DRIVING,113.933333334
